term,coef,exp(coef),se(coef),coef lower 95%,coef upper 95%,exp(coef) lower 95%,exp(coef) upper 95%,cmp to,z,p,-log2(p),cohort,model,n
group_mid,-0.43888424207913784,0.6447554108559654,0.07793790619023823,-0.5916397312424662,-0.2861287529158096,0.5534190817750518,0.7511658949212346,0.0,-5.631203910044332,1.7895599380552244e-08,25.735819894089,CHARLS,M1,1698
group_high,-0.5001956866206524,0.6064119813897709,0.07801892782958106,-0.653109975279061,-0.3472813979622438,0.5204247492849804,0.7066064626601739,0.0,-6.411209440268699,1.443696983069162e-10,32.68951298150864,CHARLS,M1,1698
group_mid,-0.27385301224629105,0.7604438429787392,0.08710031215704692,-0.4445664871162992,-0.10313953737628287,0.6411021418370185,0.9020011018326669,0.0,-3.1441105716420186,0.00166592479655043,9.229461008864137,CHARLS,M2,1698
group_high,-0.272523613455158,0.7614554483688267,0.09560511706806184,-0.45990619964629487,-0.0851410272640212,0.6313428629134262,0.9183827582605917,0.0,-2.8505128366836985,0.004364878845382321,7.839842674700125,CHARLS,M2,1698
age,0.01833309480069823,1.0185021776734484,0.0042979404727680045,0.00990928626637589,0.026756903335020572,1.0099585458180806,1.0271180834311284,0.0,4.265553447484385,1.9940726833851015e-05,15.613922477916269,CHARLS,M2,1698
female,0.5055862346882294,1.6579571876355126,0.0604110489241438,0.3871827545286204,0.6239897148478384,1.4728256322331805,1.866359449396831,0.0,8.36910207142865,5.805894317517812e-17,53.935259301709735,CHARLS,M2,1698
group_mid,-0.29976448294914765,0.7409927165518403,0.08763359076538092,-0.47152316468521616,-0.12800580121307917,0.6240510115437203,0.8798482749425183,0.0,-3.4206573110954577,0.000624699948357178,10.644548968911025,CHARLS,M3,1698
group_high,-0.2962287075496892,0.7436173376712424,0.09737809861627122,-0.48708627372057045,-0.10537114137880796,0.6144140228742516,0.899990436901924,0.0,-3.042046535710355,0.002349755643730979,8.733273549108901,CHARLS,M3,1698
age,0.014200989000796775,1.0143023020588904,0.004464009167380146,0.0054516918060750555,0.022950286195518494,1.0054665793195992,1.0232156703389994,0.0,3.1812186015583617,0.0014665692103705923,9.413339128260471,CHARLS,M3,1698
female,0.5088234023988041,1.6633329695681722,0.0860267067049638,0.34021415554848466,0.6774326492491235,1.405248500105017,1.9688165953891534,0.0,5.914714417045615,3.324518977499162e-09,28.164207240884927,CHARLS,M3,1698
marital,0.011297450623035622,1.0113615078187184,0.10539674835531425,-0.1952763802410115,0.2178712814870827,0.822607274238557,1.2434270052427514,0.0,0.10718974540798525,0.9146384505376176,0.12872652492910247,CHARLS,M3,1698
educ_hs,-0.4318089663664718,0.649333409358125,0.09786451400896738,-0.6236198891885635,-0.23999804354438017,0.5360006585958101,0.7866294000705584,0.0,-4.4123140112554475,1.0227163904629104e-05,16.577234347730737,CHARLS,M3,1698
educ_college,-0.8530874480274618,0.42609734559650536,0.3051012591478105,-1.4510749275949921,-0.25509996845993155,0.2343182774890029,0.7748390346242141,0.0,-2.7960797356597333,0.00517266369096301,7.594876889206303,CHARLS,M3,1698
smk_former,0.233639424295729,1.2631889348414467,0.12978391386028407,-0.020732372643076508,0.48801122123453455,0.9794810654239118,1.629073130081678,0.0,1.8002186661379949,0.07182611756780229,3.799347654443199,CHARLS,M3,1698
smk_current,0.04696882959925905,1.0480893392057764,0.08596201845462915,-0.12151363061018156,0.21545128980869965,0.8855789822847071,1.2404215602800341,0.0,0.5463904924946503,0.5847975440896587,0.7739908423130006,CHARLS,M3,1698
drink,0.0015115536545820193,1.001512696627623,0.07531828896542314,-0.1461095800948279,0.14913268740399196,0.8640630138897072,1.1608270061127328,0.0,0.020068879356459336,0.9839884258194654,0.023286748947912727,CHARLS,M3,1698
sbp,0.0010392232493300188,1.0010397634289172,0.0015268914570141865,-0.0019534290147196747,0.004031875513379713,0.9980484776860012,1.0040400144581851,0.0,0.6806137034535542,0.4961159536811004,1.0112507439326548,CHARLS,M3,1698
group_mid,-0.4717646445614869,0.6239003339761985,0.06089256359420347,-0.5911118761324405,-0.35241741299053325,0.5537112839787809,0.7029866249764358,0.0,-7.747491922090721,9.372529406517765e-15,46.60048297630245,ELSA,M1,2816
group_high,-0.9917121138717138,0.37094105371194147,0.0642979013539932,-1.1177336848070496,-0.8656905429363779,0.3270200860287203,0.42076089881782086,0.0,-15.423708907882167,1.1340033396117565e-53,175.88076414004263,ELSA,M1,2816
group_mid,-0.22875220050207246,0.7955256399368128,0.06753238048378263,-0.3611132340405421,-0.09639116696360286,0.696900081186849,0.9081087244517,0.0,-3.3872965659341077,0.0007058504286784019,10.46834987404884,ELSA,M2,2816
group_high,-0.5882516274661437,0.5552973030635093,0.08063609723340717,-0.7462954738974916,-0.43020778103479573,0.47411969223617056,0.6503739453116993,0.0,-7.295140112788515,2.9834843256135596e-13,41.60806703613644,ELSA,M2,2816
age,0.03252244816968156,1.033057083124378,0.0035911016651015196,0.025484018241260765,0.03956087809810236,1.0258115118673445,1.0403538317197756,0.0,9.056398621552855,1.3482864990949169e-19,62.68550671368006,ELSA,M2,2816
female,0.2580034778996971,1.294343320212651,0.047225214292826743,0.16544375872357048,0.3505631970758237,1.1799166008376274,1.4198669883869672,0.0,5.463256901279672,4.674773032203847e-08,24.350528437577303,ELSA,M2,2816
group_mid,-0.20140834553446085,0.8175785088474175,0.07119244678508409,-0.34094297720451006,-0.06187371386441168,0.711099455929175,0.9400015884637973,0.0,-2.8290690182692106,0.004668363010486278,7.742867535727812,ELSA,M3,2610
group_high,-0.536601744030735,0.5847319487462168,0.0858418239761267,-0.7048486273911703,-0.36835486067029977,0.4941833744212772,0.6918716200943632,0.0,-6.2510524494443205,4.0769592125955513e-10,31.19178742522854,ELSA,M3,2610
age,0.032481580003756026,1.0330148648387922,0.003938036950156277,0.02476316941166177,0.040199990595850284,1.0250723232932433,1.0410189473749318,0.0,8.248165371446559,1.6084468770556454e-16,52.46518122999949,ELSA,M3,2610
female,0.2572743058424381,1.293399865243355,0.05179269877928902,0.1557624815729,0.3587861301119762,1.1685486182956148,1.431590594708426,0.0,4.967385595000458,6.786156858850583e-07,20.490901886554273,ELSA,M3,2610
marital,-0.09846597948250645,0.9062265223851034,0.06009538075056356,-0.21625076139083266,0.019318802425819778,0.8055332798992532,1.0195066179970993,0.0,-1.6384949766972408,0.10131848107999177,3.3030307407818422,ELSA,M3,2610
educ_hs,-0.02952303448367545,0.9709085130073232,0.05661261935624954,-0.14048172949239968,0.08143566052504879,0.86893954075423,1.0848434170827006,0.0,-0.5214921128784755,0.6020239985022947,0.7321070965566029,ELSA,M3,2610
educ_college,-0.15495776884982523,0.8564513456452919,0.07710552043937106,-0.30608181192020956,-0.0038337257794409385,0.7363263767170665,0.9961736135652278,0.0,-2.009684494272628,0.04446459208766121,4.491199239160916,ELSA,M3,2610
smk_former,0.07387718778034548,1.0766745685826185,0.05420814226333901,-0.03236881872462255,0.1801231942853135,0.9681494445803533,1.1973648625445814,0.0,1.3628430102152504,0.1729319927555834,2.531723299822114,ELSA,M3,2610
smk_current,0.3148691539225493,1.3700800296304525,0.07911668933741392,0.15980329224517392,0.46993501559992473,1.173280055005505,1.5998902219328826,0.0,3.979806998491899,6.897123991973618e-05,13.823645571600766,ELSA,M3,2610
drink,-0.05673854031526434,0.9448410749236935,0.10160118393387095,-0.25587320161228094,0.14239612098175228,0.7742401349692818,1.1530332987689662,0.0,-0.5584436924691123,0.5765414442471193,0.794503776237183,ELSA,M3,2610
sbp,0.0013322520757531788,1.0013331399177825,0.0014335131136694558,-0.001477381998404827,0.004141886149911185,0.9985237087931417,1.0041504756151185,0.0,0.9293616242846411,0.35270170871082573,1.5034795297762649,ELSA,M3,2610
group_mid,-0.38226724758773717,0.6823126824189402,0.06363984642101558,-0.5069990545545879,-0.2575354406208864,0.6023003399248892,0.7729542318501541,0.0,-6.006728002748641,1.893046979093649e-09,28.97664263963538,HRS,M1,2252
group_high,-0.9839304991706543,0.3738388341516135,0.06771927638965287,-1.1166578419534876,-0.8512031563878211,0.32737209757184443,0.42690099417885524,0.0,-14.529548329919741,7.873788205907236e-48,156.47549064809044,HRS,M1,2252
group_mid,-0.26679354787376786,0.7658311626175424,0.06778113048210366,-0.39964212245010106,-0.13394497329743466,0.6705599814625531,0.8746381917348122,0.0,-3.9361035435106784,8.281525275438583e-05,13.559743969434894,HRS,M2,2252
group_high,-0.7677498377730512,0.46405609587865193,0.08137002144960905,-0.9272321492355365,-0.6082675263105658,0.39564728889339035,0.5442930260547381,0.0,-9.435291082582602,3.899101199655302e-21,67.79734839282439,HRS,M2,2252
age,0.015792585328162103,1.015917947264113,0.003059355977508301,0.009796357796358502,0.021788812859965704,1.0098444991843976,1.022027922523614,0.0,5.162062030134986,2.44244322344698e-07,21.965171638232214,HRS,M2,2252
female,0.1888099221796102,1.2078113525133345,0.04921592152601413,0.09234848852267294,0.2852713558365475,1.0967469592193106,1.3301229157712944,0.0,3.8363585670098788,0.00012487205428799228,12.967261734078148,HRS,M2,2252
group_mid,-0.23738298530435575,0.7886891738053788,0.06806811113960735,-0.3707940316336558,-0.10397193897505569,0.6901860834199987,0.9012505870815816,0.0,-3.487433121472762,0.0004876808756975972,11.001774981047328,HRS,M3,2252
group_high,-0.6873580141660495,0.5029029780006522,0.08245938932554774,-0.8489754474312896,-0.5257405809008093,0.42785306542222173,0.5911174319444032,0.0,-8.335715553899826,7.703090350907309e-17,53.527340266045876,HRS,M3,2252
age,0.015928786635908878,1.016056326040565,0.0032022497668364766,0.0096524924234076,0.022205080848410157,1.0096992279788986,1.0224534485913526,0.0,4.97424866756881,6.550118438503347e-07,20.54197567067647,HRS,M3,2252
female,0.18520892065559996,1.2034698435738087,0.05163378366549617,0.08400856428569493,0.286409277025505,1.08763820861329,1.3316373523123672,0.0,3.586971697744557,0.00033454061837476625,11.545530992687992,HRS,M3,2252
marital,0.023344676601629505,1.023619296370649,0.05932495004100134,-0.09293008886337113,0.13961944206663013,0.9112572050962466,1.1498361363207819,0.0,0.3935052045639358,0.6939463807228597,0.5271039007490991,HRS,M3,2252
educ_hs,-0.20417803742447874,0.8153172012901879,0.07466603564214327,-0.35052077815146354,-0.057835296697493904,0.7043211991005923,0.9438053824995338,0.0,-2.7345503972255334,0.006246553223765309,7.322723937871888,HRS,M3,2252
educ_college,-0.4316462916303655,0.649439048091281,0.08454056963066713,-0.5973427633389737,-0.26594981992175726,0.5502718977646454,0.7664775884413839,0.0,-5.105788777105491,3.2941749433727143e-07,21.533579490071887,HRS,M3,2252
smk_former,0.1381310362739091,1.148125986568916,0.0547060004889048,0.030909245577425096,0.24535282697039312,1.0313918962629405,1.2780721719950277,0.0,2.5249704792790353,0.011570800857057029,6.43336746772178,HRS,M3,2252
smk_current,0.2642916094275415,1.3025079645281095,0.0802989352459703,0.10690858834852573,0.42167463050655724,1.112832523970889,1.524512414146101,0.0,3.2913463748674627,0.0009970906009093127,9.969987778091566,HRS,M3,2252
drink,-0.0736524386986989,0.9289945202814193,0.052952012200822504,-0.17743647552123654,0.030131598123838726,0.8374141939463356,1.0305901487600178,0.0,-1.3909280429111788,0.16424724808675967,2.6060588960587476,HRS,M3,2252
sbp,0.0002432985057927647,1.0002433281052747,0.0013048871066010073,-0.0023142332270358877,0.002800830238621417,0.9976884425461596,1.002804756228122,0.0,0.18645176625778215,0.8520905004748407,0.23092142775505478,HRS,M3,2252
